Workbook
Name Slicer_gender: #N/A

Sheet diagnoses_icd
A1: subject_id | B1: hadm_id | C1: seq_num | D1: icd_code | E1: icd_version
A2: 10035185 | B2: 22580999 | C2: 3 | D2: 4139 | E2: 9
A3: 10035185 | B3: 22580999 | C3: 10 | D3: V707 | E3: 9
A4: 10035185 | B4: 22580999 | C4: 1 | D4: 41401 | E4: 9
A5: 10035185 | B5: 22580999 | C5: 9 | D5: 3899 | E5: 9
A6: 10035185 | B6: 22580999 | C6: 11 | D6: V8532 | E6: 9
A7: 10035185 | B7: 22580999 | C7: 2 | D7: 25002 | E7: 9
A8: 10035185 | B8: 22580999 | C8: 7 | D8: 71696 | E8: 9
A9: 10035185 | B9: 22580999 | C9: 8 | D9: V1083 | E9: 9
A10: 10035185 | B10: 22580999 | C10: 4 | D10: 2724 | E10: 9
A11: 10035185 | B11: 22580999 | C11: 6 | D11: V5867 | E11: 9
A12: 10035185 | B12: 22580999 | C12: 5 | D12: 27800 | E12: 9
A13: 10009049 | B13: 22995465 | C13: 2 | D13: 4829 | E13: 9
... A4507: 10004733 | B4507: 27411876 | C4507: 29 | D4507: 30390 | E4507: 9

Sheet Mortality_Analysis
A3: Row Labels | B3: Average of hospital_expire_flag
A4: 70+ | B4: 0.13043478
A5: 50-70 | B5: 0.091836735
A6: Grand Total | B6: 0.099173554

Sheet top_diseases
A3: Row Labels | B3: Count of icd_code
A4: V1582 | B4: 5
A5: D696 | B5: 3
A6: K766 | B6: 2
A7: 0380 | B7: 2
A8: Z7902 | B8: 2
A9: 5849 | B9: 2
A10: I4892 | B10: 2
A11: N179 | B11: 2
A12: 486 | B12: 2
A13: 41400 | B13: 2
A14: V707 | B14: 2
A15: E119 | B15: 2
... A19: Grand Total | B19: 34

Sheet admissions
A1: subject_id | B1: hadm_id | C1: admittime | D1: dischtime | E1: deathtime | F1: admission_type | G1: admit_provider_id | H1: admission_location | I1: discharge_location | J1: insurance | K1: language | L1: marital_status | M1: race | N1: edregtime | O1: edouttime | P1: hospital_expire_flag | Q1: gender | R1: age | S1: age_group | T1: icd_code
A2: 10004235 | B2: 24181354 | C2: 108168.61 | D2: 108177.58 | F2: URGENT | G2: P03YMR | H2: TRANSFER FROM HOSPITAL | I2: SKILLED NURSING FACILITY | J2: Medicaid | K2: ENGLISH | L2: SINGLE | M2: BLACK/CAPE VERDEAN | N2: 108168.51 | O2: 108168.71 | P2: 0 | Q2: =_xlfn.XLOOKUP(A2, patients!A:A, patients!B:B) -> M | R2: =_xlfn.XLOOKUP(A2, patients!A:A, patients!C:C) -> 47 | S2: =IF(R2<30,"Under 30", IF(R2<=50,"30-50", IF(R2<=70,"50-70","70+"))) -> 30-50 | T2: =_xlfn.XLOOKUP(B2, diagnoses_icd!B:B, diagnoses_icd!D:D) -> 42731
A3: 10009628 | B3: 25926192 | C3: 92668.714 | D3: 92676.556 | F3: URGENT | G3: P41R5N | H3: TRANSFER FROM HOSPITAL | I3: HOME HEALTH CARE | J3: Medicaid | K3: ? | L3: MARRIED | M3: HISPANIC/LATINO - PUERTO RICAN | P3: 0 | Q3: =_xlfn.XLOOKUP(A3, patients!A:A, patients!B:B) -> M | R3: =_xlfn.XLOOKUP(A3, patients!A:A, patients!C:C) -> 58 | S3: =IF(R3<30,"Under 30", IF(R3<=50,"30-50", IF(R3<=70,"50-70","70+"))) -> 50-70 | T3: =_xlfn.XLOOKUP(B3, diagnoses_icd!B:B, diagnoses_icd!D:D) -> 36201
A4: 10018081 | B4: 23983182 | C4: 85698.085 | D4: 85703.816 | F4: URGENT | G4: P233F6 | H4: TRANSFER FROM HOSPITAL | I4: SKILLED NURSING FACILITY | J4: Medicare | K4: ENGLISH | L4: MARRIED | M4: WHITE | N4: 85697.683 | O4: 85698.135 | P4: 0 | Q4: =_xlfn.XLOOKUP(A4, patients!A:A, patients!B:B) -> M | R4: =_xlfn.XLOOKUP(A4, patients!A:A, patients!C:C) -> 79 | S4: =IF(R4<30,"Under 30", IF(R4<=50,"30-50", IF(R4<=70,"50-70","70+"))) -> 70+ | T4: =_xlfn.XLOOKUP(B4, diagnoses_icd!B:B, diagnoses_icd!D:D) -> V1582
A5: 10006053 | B5: 22942076 | C5: 77384.985 | D5: 77386.722 | E5: 77386.722 | F5: URGENT | G5: P38TI6 | H5: TRANSFER FROM HOSPITAL | I5: DIED | J5: Medicaid | K5: ENGLISH | M5: UNKNOWN | P5: 1 | Q5: =_xlfn.XLOOKUP(A5, patients!A:A, patients!B:B) -> M | R5: =_xlfn.XLOOKUP(A5, patients!A:A, patients!C:C) -> 52 | S5: =IF(R5<30,"Under 30", IF(R5<=50,"30-50", IF(R5<=70,"50-70","70+"))) -> 50-70 | T5: =_xlfn.XLOOKUP(B5, diagnoses_icd!B:B, diagnoses_icd!D:D) -> 45620
A6: 10031404 | B6: 21606243 | C6: 78014.782 | D6: 78016.873 | F6: URGENT | G6: P07HDB | H6: TRANSFER FROM HOSPITAL | I6: HOME | J6: Other | K6: ENGLISH | L6: WIDOWED | M6: WHITE | P6: 0 | Q6: =_xlfn.XLOOKUP(A6, patients!A:A, patients!B:B) -> F | R6: =_xlfn.XLOOKUP(A6, patients!A:A, patients!C:C) -> 82 | S6: =IF(R6<30,"Under 30", IF(R6<=50,"30-50", IF(R6<=70,"50-70","70+"))) -> 70+ | T6: =_xlfn.XLOOKUP(B6, diagnoses_icd!B:B, diagnoses_icd!D:D) -> E860
A7: 10005817 | B7: 20626031 | C7: 85084.072 | D7: 85092.628 | F7: URGENT | G7: P41R5N | H7: TRANSFER FROM HOSPITAL | I7: HOME HEALTH CARE | J7: Medicare | K7: ENGLISH | L7: MARRIED | M7: WHITE | P7: 0 | Q7: =_xlfn.XLOOKUP(A7, patients!A:A, patients!B:B) -> M | R7: =_xlfn.XLOOKUP(A7, patients!A:A, patients!C:C) -> 66 | S7: =IF(R7<30,"Under 30", IF(R7<=50,"30-50", IF(R7<=70,"50-70","70+"))) -> 50-70 | T7: =_xlfn.XLOOKUP(B7, diagnoses_icd!B:B, diagnoses_icd!D:D) -> V707
A8: 10019385 | B8: 20297618 | C8: 102315.85 | D8: 102325.57 | F8: URGENT | G8: P536JC | H8: TRANSFER FROM HOSPITAL | I8: HOME HEALTH CARE | J8: Other | K8: ENGLISH | L8: MARRIED | M8: WHITE | P8: 0 | Q8: =_xlfn.XLOOKUP(A8, patients!A:A, patients!B:B) -> M | R8: =_xlfn.XLOOKUP(A8, patients!A:A, patients!C:C) -> 44 | S8: =IF(R8<30,"Under 30", IF(R8<=50,"30-50", IF(R8<=70,"50-70","70+"))) -> 30-50 | T8: =_xlfn.XLOOKUP(B8, diagnoses_icd!B:B, diagnoses_icd!D:D) -> F17200
A9: 10002495 | B9: 24982426 | C9: 88167.845 | D9: 88174.737 | F9: URGENT | G9: P79SJ2 | H9: TRANSFER FROM HOSPITAL | I9: SKILLED NURSING FACILITY | J9: Medicare | K9: ENGLISH | L9: MARRIED | M9: UNKNOWN | P9: 0 | Q9: =_xlfn.XLOOKUP(A9, patients!A:A, patients!B:B) -> M | R9: =_xlfn.XLOOKUP(A9, patients!A:A, patients!C:C) -> 81 | S9: =IF(R9<30,"Under 30", IF(R9<=50,"30-50", IF(R9<=70,"50-70","70+"))) -> 70+ | T9: =_xlfn.XLOOKUP(B9, diagnoses_icd!B:B, diagnoses_icd!D:D) -> R310
A10: 10038081 | B10: 20755971 | C10: 78798.861 | D10: 78813 | E10: 78813.931 | F10: URGENT | G10: P48GIG | H10: TRANSFER FROM HOSPITAL | I10: DIED | J10: Other | K10: ? | L10: SINGLE | M10: UNKNOWN | P10: 1 | Q10: =_xlfn.XLOOKUP(A10, patients!A:A, patients!B:B) -> F | R10: =_xlfn.XLOOKUP(A10, patients!A:A, patients!C:C) -> 63 | S10: =IF(R10<30,"Under 30", IF(R10<=50,"30-50", IF(R10<=70,"50-70","70+"))) -> 50-70 | T10: =_xlfn.XLOOKUP(B10, diagnoses_icd!B:B, diagnoses_icd!D:D) -> 5187
A11: 10019917 | B11: 22585261 | C11: 103007.98 | D11: 103010.7 | F11: URGENT | G11: P3529J | H11: TRANSFER FROM HOSPITAL | I11: HOME | J11: Other | K11: ENGLISH | L11: SINGLE | M11: OTHER | P11: 0 | Q11: =_xlfn.XLOOKUP(A11, patients!A:A, patients!B:B) -> M | R11: =_xlfn.XLOOKUP(A11, patients!A:A, patients!C:C) -> 44 | S11: =IF(R11<30,"Under 30", IF(R11<=50,"30-50", IF(R11<=70,"50-70","70+"))) -> 30-50 | T11: =_xlfn.XLOOKUP(B11, diagnoses_icd!B:B, diagnoses_icd!D:D) -> 2851
A12: 10037861 | B12: 24256866 | C12: 78810.853 | D12: 78819.701 | F12: URGENT | G12: P64TGC | H12: TRANSFER FROM HOSPITAL | I12: HOME HEALTH CARE | J12: Medicare | K12: ENGLISH | L12: MARRIED | M12: UNKNOWN | P12: 0 | Q12: =_xlfn.XLOOKUP(A12, patients!A:A, patients!B:B) -> M | R12: =_xlfn.XLOOKUP(A12, patients!A:A, patients!C:C) -> 77 | S12: =IF(R12<30,"Under 30", IF(R12<=50,"30-50", IF(R12<=70,"50-70","70+"))) -> 70+ | T12: =_xlfn.XLOOKUP(B12, diagnoses_icd!B:B, diagnoses_icd!D:D) -> 41400
A13: 10026354 | B13: 24547356 | C13: 80288.299 | D13: 80299.521 | F13: URGENT | G13: P77BSD | H13: TRANSFER FROM HOSPITAL | I13: SKILLED NURSING FACILITY | J13: Other | K13: ? | M13: WHITE | N13: 80288.25 | O13: 80288.276 | P13: 0 | Q13: =_xlfn.XLOOKUP(A13, patients!A:A, patients!B:B) -> M | R13: =_xlfn.XLOOKUP(A13, patients!A:A, patients!C:C) -> 34 | S13: =IF(R13<30,"Under 30", IF(R13<=50,"30-50", IF(R13<=70,"50-70","70+"))) -> 30-50 | T13: =_xlfn.XLOOKUP(B13, diagnoses_icd!B:B, diagnoses_icd!D:D) -> D696
A14: 10015860 | B14: 26352758 | C14: 106920.39 | D14: 106924.83 | F14: URGENT | G14: P54RLA | H14: TRANSFER FROM SKILLED NURSING FACILITY | I14: SKILLED NURSING FACILITY | J14: Other | K14: ENGLISH | L14: SINGLE | M14: WHITE | N14: 106919.95 | O14: 106920.4 | P14: 0 | Q14: =_xlfn.XLOOKUP(A14, patients!A:A, patients!B:B) -> M | R14: =_xlfn.XLOOKUP(A14, patients!A:A, patients!C:C) -> 53 | S14: =IF(R14<30,"Under 30", IF(R14<=50,"30-50", IF(R14<=70,"50-70","70+"))) -> 50-70 | T14: =_xlfn.XLOOKUP(B14, diagnoses_icd!B:B, diagnoses_icd!D:D) -> E1142
A15: 10020740 | B15: 23831430 | C15: 91382.649 | D15: 91427.576 | F15: URGENT | G15: P7554I | H15: TRANSFER FROM HOSPITAL | I15: SKILLED NURSING FACILITY | J15: Other | K15: ENGLISH | L15: SINGLE | M15: WHITE | P15: 0 | Q15: =_xlfn.XLOOKUP(A15, patients!A:A, patients!B:B) -> M | R15: =_xlfn.XLOOKUP(A15, patients!A:A, patients!C:C) -> 56 | S15: =IF(R15<30,"Under 30", IF(R15<=50,"30-50", IF(R15<=70,"50-70","70+"))) -> 50-70 | T15: =_xlfn.XLOOKUP(B15, diagnoses_icd!B:B, diagnoses_icd!D:D) -> 2859
A16: 10012552 | B16: 27089790 | C16: 87741.721 | D16: 87749.59 | F16: URGENT | G16: P47E1G | H16: TRANSFER FROM HOSPITAL | I16: HOME HEALTH CARE | J16: Medicare | K16: ENGLISH | L16: MARRIED | M16: UNKNOWN | P16: 0 | Q16: =_xlfn.XLOOKUP(A16, patients!A:A, patients!B:B) -> M | R16: =_xlfn.XLOOKUP(A16, patients!A:A, patients!C:C) -> 78 | S16: =IF(R16<30,"Under 30", IF(R16<=50,"30-50", IF(R16<=70,"50-70","70+"))) -> 70+ | T16: =_xlfn.XLOOKUP(B16, diagnoses_icd!B:B, diagnoses_icd!D:D) -> 41401
A17: 10014354 | B17: 28335091 | C17: 90332.697 | D17: 90335.646 | F17: URGENT | G17: P79SJ2 | H17: TRANSFER FROM HOSPITAL | I17: HOME HEALTH CARE | J17: Other | K17: ENGLISH | L17: SINGLE | M17: WHITE | P17: 0 | Q17: =_xlfn.XLOOKUP(A17, patients!A:A, patients!B:B) -> M | R17: =_xlfn.XLOOKUP(A17, patients!A:A, patients!C:C) -> 60 | S17: =IF(R17<30,"Under 30", IF(R17<=50,"30-50", IF(R17<=70,"50-70","70+"))) -> 50-70 | T17: =_xlfn.XLOOKUP(B17, diagnoses_icd!B:B, diagnoses_icd!D:D) -> E119
A18: 10014354 | B18: 27487226 | C18: 90763.048 | D18: 90776.816 | F18: URGENT | G18: P44WVR | H18: TRANSFER FROM HOSPITAL | I18: HOME HEALTH CARE | J18: Other | K18: ENGLISH | L18: SINGLE | M18: WHITE | N18: 90762.879 | O18: 90763.102 | P18: 0 | Q18: =_xlfn.XLOOKUP(A18, patients!A:A, patients!B:B) -> M | R18: =_xlfn.XLOOKUP(A18, patients!A:A, patients!C:C) -> 60 | S18: =IF(R18<30,"Under 30", IF(R18<=50,"30-50", IF(R18<=70,"50-70","70+"))) -> 50-70 | T18: =_xlfn.XLOOKUP(B18, diagnoses_icd!B:B, diagnoses_icd!D:D) -> I4892
A19: 10039708 | B19: 25864431 | C19: 88475.256 | D19: 88491.875 | F19: URGENT | G19: P81KFM | H19: TRANSFER FROM HOSPITAL | I19: HOME HEALTH CARE | J19: Other | K19: ENGLISH | L19: SINGLE | M19: BLACK/AFRICAN AMERICAN | N19: 88474.932 | O19: 88475.339 | P19: 0 | Q19: =_xlfn.XLOOKUP(A19, patients!A:A, patients!B:B) -> F | R19: =_xlfn.XLOOKUP(A19, patients!A:A, patients!C:C) -> 46 | S19: =IF(R19<30,"Under 30", IF(R19<=50,"30-50", IF(R19<=70,"50-70","70+"))) -> 30-50 | T19: =_xlfn.XLOOKUP(B19, diagnoses_icd!B:B, diagnoses_icd!D:D) -> F17210
A20: 10000032 | B20: 22595853 | C20: 102396.93 | D20: 102397.72 | F20: URGENT | G20: P874LG | H20: TRANSFER FROM HOSPITAL | I20: HOME | J20: Other | K20: ENGLISH | L20: WIDOWED | M20: WHITE | N20: 102396.8 | O20: 102396.98 | P20: 0 | Q20: =_xlfn.XLOOKUP(A20, patients!A:A, patients!B:B) -> F | R20: =_xlfn.XLOOKUP(A20, patients!A:A, patients!C:C) -> 52 | S20: =IF(R20<30,"Under 30", IF(R20<=50,"30-50", IF(R20<=70,"50-70","70+"))) -> 50-70 | T20: =_xlfn.XLOOKUP(B20, diagnoses_icd!B:B, diagnoses_icd!D:D) -> 496
A21: 10020786 | B21: 23488445 | C21: 105717.53 | D21: 105721.72 | F21: URGENT | G21: P031HZ | H21: TRANSFER FROM HOSPITAL | I21: HOME | J21: Medicare | K21: ENGLISH | L21: WIDOWED | M21: WHITE | P21: 0 | Q21: =_xlfn.XLOOKUP(A21, patients!A:A, patients!B:B) -> F | R21: =_xlfn.XLOOKUP(A21, patients!A:A, patients!C:C) -> 86 | S21: =IF(R21<30,"Under 30", IF(R21<=50,"30-50", IF(R21<=70,"50-70","70+"))) -> 70+ | T21: =_xlfn.XLOOKUP(B21, diagnoses_icd!B:B, diagnoses_icd!D:D) -> I4891
A22: 10027445 | B22: 27488741 | C22: 89828.824 | D22: 89839.608 | F22: URGENT | G22: P38RSS | H22: TRANSFER FROM HOSPITAL | I22: HOME HEALTH CARE | J22: Other | K22: ENGLISH | L22: WIDOWED | M22: WHITE | P22: 0 | Q22: =_xlfn.XLOOKUP(A22, patients!A:A, patients!B:B) -> F | R22: =_xlfn.XLOOKUP(A22, patients!A:A, patients!C:C) -> 48 | S22: =IF(R22<30,"Under 30", IF(R22<=50,"30-50", IF(R22<=70,"50-70","70+"))) -> 30-50 | T22: =_xlfn.XLOOKUP(B22, diagnoses_icd!B:B, diagnoses_icd!D:D) -> 6822
A23: 10027445 | B23: 29163082 | C23: 88629.878 | D23: 88638.731 | F23: URGENT | G23: P509SB | H23: TRANSFER FROM HOSPITAL | I23: HOME HEALTH CARE | J23: Other | K23: ENGLISH | L23: WIDOWED | M23: WHITE | P23: 0 | Q23: =_xlfn.XLOOKUP(A23, patients!A:A, patients!B:B) -> F | R23: =_xlfn.XLOOKUP(A23, patients!A:A, patients!C:C) -> 48 | S23: =IF(R23<30,"Under 30", IF(R23<=50,"30-50", IF(R23<=70,"50-70","70+"))) -> 30-50 | T23: =_xlfn.XLOOKUP(B23, diagnoses_icd!B:B, diagnoses_icd!D:D) -> 4240
A24: 10015931 | B24: 22130791 | C24: 101257.91 | D24: 101262.59 | E24: 101262.59 | F24: URGENT | G24: P031HZ | H24: TRANSFER FROM HOSPITAL | I24: DIED | J24: Medicare | K24: ENGLISH | L24: MARRIED | M24: WHITE | P24: 1 | Q24: =_xlfn.XLOOKUP(A24, patients!A:A, patients!B:B) -> M | R24: =_xlfn.XLOOKUP(A24, patients!A:A, patients!C:C) -> 87 | S24: =IF(R24<30,"Under 30", IF(R24<=50,"30-50", IF(R24<=70,"50-70","70+"))) -> 70+ | T24: =_xlfn.XLOOKUP(B24, diagnoses_icd!B:B, diagnoses_icd!D:D) -> I4891
A25: 10036156 | B25: 28019404 | C25: 94051.203 | D25: 94053.631 | F25: URGENT | G25: P94V16 | H25: TRANSFER FROM HOSPITAL | I25: HOME | J25: Other | K25: ENGLISH | M25: UNKNOWN | P25: 0 | Q25: =_xlfn.XLOOKUP(A25, patients!A:A, patients!B:B) -> F | R25: =_xlfn.XLOOKUP(A25, patients!A:A, patients!C:C) -> 88 | S25: =IF(R25<30,"Under 30", IF(R25<=50,"30-50", IF(R25<=70,"50-70","70+"))) -> 70+ | T25: =_xlfn.XLOOKUP(B25, diagnoses_icd!B:B, diagnoses_icd!D:D) -> 2724
A26: 10021312 | B26: 25020332 | C26: 78026.022 | D26: 78028.733 | F26: URGENT | G26: P31A9M | H26: TRANSFER FROM HOSPITAL | I26: HOME | J26: Other | K26: ENGLISH | M26: UNKNOWN | P26: 0 | Q26: =_xlfn.XLOOKUP(A26, patients!A:A, patients!B:B) -> F | R26: =_xlfn.XLOOKUP(A26, patients!A:A, patients!C:C) -> 55 | S26: =IF(R26<30,"Under 30", IF(R26<=50,"30-50", IF(R26<=70,"50-70","70+"))) -> 50-70 | T26: =_xlfn.XLOOKUP(B26, diagnoses_icd!B:B, diagnoses_icd!D:D) -> C3402
A27: 10021312 | B27: 28829452 | C27: 78053.613 | D27: 78061.778 | F27: URGENT | G27: P72G4H | H27: TRANSFER FROM HOSPITAL | I27: ACUTE HOSPITAL | J27: Other | K27: ENGLISH | M27: UNKNOWN | P27: 0 | Q27: =_xlfn.XLOOKUP(A27, patients!A:A, patients!B:B) -> F | R27: =_xlfn.XLOOKUP(A27, patients!A:A, patients!C:C) -> 55 | S27: =IF(R27<30,"Under 30", IF(R27<=50,"30-50", IF(R27<=70,"50-70","70+"))) -> 50-70 | T27: =_xlfn.XLOOKUP(B27, diagnoses_icd!B:B, diagnoses_icd!D:D) -> G8929
A28: 10003400 | B28: 23559586 | C28: 86780.005 | D28: 86809.712 | E28: 86809.712 | F28: URGENT | G28: P99U21 | H28: TRANSFER FROM HOSPITAL | I28: DIED | J28: Medicare | K28: ENGLISH | L28: MARRIED | M28: BLACK/AFRICAN AMERICAN | P28: 1 | Q28: =_xlfn.XLOOKUP(A28, patients!A:A, patients!B:B) -> F | R28: =_xlfn.XLOOKUP(A28, patients!A:A, patients!C:C) -> 72 | S28: =IF(R28<30,"Under 30", IF(R28<=50,"30-50", IF(R28<=70,"50-70","70+"))) -> 70+ | T28: =_xlfn.XLOOKUP(B28, diagnoses_icd!B:B, diagnoses_icd!D:D) -> E669
A29: 10003400 | B29: 20214994 | C29: 86619.417 | D29: 86642.656 | F29: URGENT | G29: P60ZCO | H29: TRANSFER FROM SKILLED NURSING FACILITY | I29: CHRONIC/LONG TERM ACUTE CARE | J29: Medicare | K29: ENGLISH | L29: MARRIED | M29: BLACK/AFRICAN AMERICAN | P29: 0 | Q29: =_xlfn.XLOOKUP(A29, patients!A:A, patients!B:B) -> F | R29: =_xlfn.XLOOKUP(A29, patients!A:A, patients!C:C) -> 72 | S29: =IF(R29<30,"Under 30", IF(R29<=50,"30-50", IF(R29<=70,"50-70","70+"))) -> 70+ | T29: =_xlfn.XLOOKUP(B29, diagnoses_icd!B:B, diagnoses_icd!D:D) -> 99859
A30: 10023117 | B30: 24244087 | C30: 100236.98 | D30: 100241.66 | F30: URGENT | G30: P878WT | H30: TRANSFER FROM HOSPITAL | I30: HOME | J30: Medicare | K30: ENGLISH | L30: WIDOWED | M30: WHITE | N30: 100236.68 | O30: 100237.04 | P30: 0 | Q30: =_xlfn.XLOOKUP(A30, patients!A:A, patients!B:B) -> M | R30: =_xlfn.XLOOKUP(A30, patients!A:A, patients!C:C) -> 53 | S30: =IF(R30<30,"Under 30", IF(R30<=50,"30-50", IF(R30<=70,"50-70","70+"))) -> 50-70 | T30: =_xlfn.XLOOKUP(B30, diagnoses_icd!B:B, diagnoses_icd!D:D) -> V5866
A31: 10038992 | B31: 22797747 | C31: 104402.77 | D31: 104408.68 | F31: URGENT | G31: P534S8 | H31: TRANSFER FROM HOSPITAL | I31: HOME HEALTH CARE | J31: Medicare | K31: ENGLISH | L31: MARRIED | M31: UNKNOWN | P31: 0 | Q31: =_xlfn.XLOOKUP(A31, patients!A:A, patients!B:B) -> M | R31: =_xlfn.XLOOKUP(A31, patients!A:A, patients!C:C) -> 70 | S31: =IF(R31<30,"Under 30", IF(R31<=50,"30-50", IF(R31<=70,"50-70","70+"))) -> 50-70 | T31: =_xlfn.XLOOKUP(B31, diagnoses_icd!B:B, diagnoses_icd!D:D) -> 4239
A32: 10037975 | B32: 27617929 | C32: 104113.8 | D32: 104118.6 | E32: 104118.6 | F32: URGENT | G32: P17MK7 | H32: TRANSFER FROM HOSPITAL | I32: DIED | J32: Medicare | K32: ENGLISH | L32: MARRIED | M32: UNKNOWN | P32: 1 | Q32: =_xlfn.XLOOKUP(A32, patients!A:A, patients!B:B) -> M | R32: =_xlfn.XLOOKUP(A32, patients!A:A, patients!C:C) -> 60 | S32: =IF(R32<30,"Under 30", IF(R32<=50,"30-50", IF(R32<=70,"50-70","70+"))) -> 50-70 | T32: =_xlfn.XLOOKUP(B32, diagnoses_icd!B:B, diagnoses_icd!D:D) -> V667
A33: 10035185 | B33: 22580999 | C33: 80487.537 | D33: 80492.667 | F33: URGENT | G33: P41R5N | H33: TRANSFER FROM HOSPITAL | I33: HOME HEALTH CARE | J33: Other | K33: ENGLISH | L33: MARRIED | M33: WHITE | P33: 0 | Q33: =_xlfn.XLOOKUP(A33, patients!A:A, patients!B:B) -> M | R33: =_xlfn.XLOOKUP(A33, patients!A:A, patients!C:C) -> 70 | S33: =IF(R33<30,"Under 30", IF(R33<=50,"30-50", IF(R33<=70,"50-70","70+"))) -> 50-70 | T33: =_xlfn.XLOOKUP(B33, diagnoses_icd!B:B, diagnoses_icd!D:D) -> 4139
A34: 10002930 | B34: 28301173 | C34: 108577.82 | D34: 108584.5 | F34: URGENT | G34: P3763P | H34: INTERNAL TRANSFER TO OR FROM PSYCH | I34: HOME | J34: Medicare | K34: ENGLISH | L34: SINGLE | M34: BLACK/AFRICAN AMERICAN | P34: 0 | Q34: =_xlfn.XLOOKUP(A34, patients!A:A, patients!B:B) -> F | R34: =_xlfn.XLOOKUP(A34, patients!A:A, patients!C:C) -> 48 | S34: =IF(R34<30,"Under 30", IF(R34<=50,"30-50", IF(R34<=70,"50-70","70+"))) -> 30-50 | T34: =_xlfn.XLOOKUP(B34, diagnoses_icd!B:B, diagnoses_icd!D:D) -> V6284
A35: 10002930 | B35: 22733922 | C35: 108956.68 | D35: 108968.56 | F35: URGENT | G35: P3763P | H35: INTERNAL TRANSFER TO OR FROM PSYCH | I35: HOME | J35: Medicare | K35: ENGLISH | L35: SINGLE | M35: BLACK/AFRICAN AMERICAN | P35: 0 | Q35: =_xlfn.XLOOKUP(A35, patients!A:A, patients!B:B) -> F | R35: =_xlfn.XLOOKUP(A35, patients!A:A, patients!C:C) -> 48 | S35: =IF(R35<30,"Under 30", IF(R35<=50,"30-50", IF(R35<=70,"50-70","70+"))) -> 30-50 | T35: =_xlfn.XLOOKUP(B35, diagnoses_icd!B:B, diagnoses_icd!D:D) -> B20
A36: 10007795 | B36: 28477357 | C36: 86299.856 | D36: 86321.691 | F36: URGENT | G36: P172D4 | H36: TRANSFER FROM HOSPITAL | I36: CHRONIC/LONG TERM ACUTE CARE | J36: Medicare | K36: ENGLISH | L36: SINGLE | M36: WHITE | P36: 0 | Q36: =_xlfn.XLOOKUP(A36, patients!A:A, patients!B:B) -> F | R36: =_xlfn.XLOOKUP(A36, patients!A:A, patients!C:C) -> 53 | S36: =IF(R36<30,"Under 30", IF(R36<=50,"30-50", IF(R36<=70,"50-70","70+"))) -> 50-70 | T36: =_xlfn.XLOOKUP(B36, diagnoses_icd!B:B, diagnoses_icd!D:D) -> 5184
A37: 10007795 | B37: 25135483 | C37: 86323.847 | D37: 86331.717 | F37: URGENT | G37: P99LA7 | H37: TRANSFER FROM HOSPITAL | I37: REHAB | J37: Medicare | K37: ENGLISH | L37: SINGLE | M37: WHITE | P37: 0 | Q37: =_xlfn.XLOOKUP(A37, patients!A:A, patients!B:B) -> F | R37: =_xlfn.XLOOKUP(A37, patients!A:A, patients!C:C) -> 53 | S37: =IF(R37<30,"Under 30", IF(R37<=50,"30-50", IF(R37<=70,"50-70","70+"))) -> 50-70 | T37: =_xlfn.XLOOKUP(B37, diagnoses_icd!B:B, diagnoses_icd!D:D) -> 1179
A38: 10004733 | B38: 27411876 | C38: 100416.48 | D38: 100439.58 | F38: URGENT | G38: P48KFD | H38: TRANSFER FROM HOSPITAL | I38: HOME HEALTH CARE | J38: Medicaid | K38: ENGLISH | L38: SINGLE | M38: UNKNOWN | P38: 0 | Q38: =_xlfn.XLOOKUP(A38, patients!A:A, patients!B:B) -> M | R38: =_xlfn.XLOOKUP(A38, patients!A:A, patients!C:C) -> 51 | S38: =IF(R38<30,"Under 30", IF(R38<=50,"30-50", IF(R38<=70,"50-70","70+"))) -> 50-70 | T38: =_xlfn.XLOOKUP(B38, diagnoses_icd!B:B, diagnoses_icd!D:D) -> 5849
A39: 10021118 | B39: 24490144 | C39: 95649.84 | D39: 95657.667 | F39: URGENT | G39: P96FGV | H39: TRANSFER FROM HOSPITAL | I39: HOME HEALTH CARE | J39: Other | K39: ENGLISH | L39: MARRIED | M39: WHITE | P39: 0 | Q39: =_xlfn.XLOOKUP(A39, patients!A:A, patients!B:B) -> M | R39: =_xlfn.XLOOKUP(A39, patients!A:A, patients!C:C) -> 62 | S39: =IF(R39<30,"Under 30", IF(R39<=50,"30-50", IF(R39<=70,"50-70","70+"))) -> 50-70 | T39: =_xlfn.XLOOKUP(B39, diagnoses_icd!B:B, diagnoses_icd!D:D) -> I10
A40: 10006580 | B40: 24159665 | C40: 86786.458 | D40: 86791.559 | F40: ELECTIVE | G40: P76K54 | H40: PHYSICIAN REFERRAL | I40: HOME | J40: Medicaid | K40: ? | L40: MARRIED | M40: HISPANIC/LATINO - SALVADORAN | P40: 0 | Q40: =_xlfn.XLOOKUP(A40, patients!A:A, patients!B:B) -> F | R40: =_xlfn.XLOOKUP(A40, patients!A:A, patients!C:C) -> 63 | S40: =IF(R40<30,"Under 30", IF(R40<=50,"30-50", IF(R40<=70,"50-70","70+"))) -> 50-70 | T40: =_xlfn.XLOOKUP(B40, diagnoses_icd!B:B, diagnoses_icd!D:D) -> 2749
A41: 10023771 | B41: 20044587 | C41: 78035.302 | D41: 78040.594 | F41: ELECTIVE | G41: P47E1G | H41: PHYSICIAN REFERRAL | I41: SKILLED NURSING FACILITY | J41: Medicare | K41: ENGLISH | L41: MARRIED | M41: WHITE | P41: 0 | Q41: =_xlfn.XLOOKUP(A41, patients!A:A, patients!B:B) -> M | R41: =_xlfn.XLOOKUP(A41, patients!A:A, patients!C:C) -> 70 | S41: =IF(R41<30,"Under 30", IF(R41<=50,"30-50", IF(R41<=70,"50-70","70+"))) -> 50-70 | T41: =_xlfn.XLOOKUP(B41, diagnoses_icd!B:B, diagnoses_icd!D:D) -> 99811
A42: 10005348 | B42: 29496232 | C42: 83525.354 | D42: 83532.705 | F42: ELECTIVE | G42: P786Y5 | H42: PHYSICIAN REFERRAL | I42: HOME HEALTH CARE | J42: Other | K42: ENGLISH | L42: MARRIED | M42: WHITE | P42: 0 | Q42: =_xlfn.XLOOKUP(A42, patients!A:A, patients!B:B) -> M | R42: =_xlfn.XLOOKUP(A42, patients!A:A, patients!C:C) -> 76 | S42: =IF(R42<30,"Under 30", IF(R42<=50,"30-50", IF(R42<=70,"50-70","70+"))) -> 70+ | T42: =_xlfn.XLOOKUP(B42, diagnoses_icd!B:B, diagnoses_icd!D:D) -> 2752
A43: 10019172 | B43: 24997044 | C43: 79943.583 | D43: 79949.772 | F43: ELECTIVE | G43: P41R5N | H43: PHYSICIAN REFERRAL | I43: HOME HEALTH CARE | J43: Other | K43: ENGLISH | M43: UNABLE TO OBTAIN | P43: 0 | Q43: =_xlfn.XLOOKUP(A43, patients!A:A, patients!B:B) -> F | R43: =_xlfn.XLOOKUP(A43, patients!A:A, patients!C:C) -> 63 | S43: =IF(R43<30,"Under 30", IF(R43<=50,"30-50", IF(R43<=70,"50-70","70+"))) -> 50-70 | T43: =_xlfn.XLOOKUP(B43, diagnoses_icd!B:B, diagnoses_icd!D:D) -> 42731
A44: 10019172 | B44: 21540783 | C44: 79905.583 | D44: 79908.844 | F44: ELECTIVE | G44: P41R5N | H44: PHYSICIAN REFERRAL | I44: HOME | J44: Other | K44: ENGLISH | M44: UNABLE TO OBTAIN | P44: 0 | Q44: =_xlfn.XLOOKUP(A44, patients!A:A, patients!B:B) -> F | R44: =_xlfn.XLOOKUP(A44, patients!A:A, patients!C:C) -> 63 | S44: =IF(R44<30,"Under 30", IF(R44<=50,"30-50", IF(R44<=70,"50-70","70+"))) -> 50-70 | T44: =_xlfn.XLOOKUP(B44, diagnoses_icd!B:B, diagnoses_icd!D:D) -> V641
A45: 10021487 | B45: 20429160 | C45: 79456.302 | D45: 79465.524 | F45: ELECTIVE | G45: P96Y5O | H45: PHYSICIAN REFERRAL | I45: HOME | J45: Other | K45: ENGLISH | L45: DIVORCED | M45: WHITE | P45: 0 | Q45: =_xlfn.XLOOKUP(A45, patients!A:A, patients!B:B) -> M | R45: =_xlfn.XLOOKUP(A45, patients!A:A, patients!C:C) -> 43 | S45: =IF(R45<30,"Under 30", IF(R45<=50,"30-50", IF(R45<=70,"50-70","70+"))) -> 30-50 | T45: =_xlfn.XLOOKUP(B45, diagnoses_icd!B:B, diagnoses_icd!D:D) -> 570
A46: 10013049 | B46: 22675517 | C46: 78334.427 | D46: 78338.698 | F46: ELECTIVE | G46: P41R5N | H46: PHYSICIAN REFERRAL | I46: HOME HEALTH CARE | J46: Other | K46: ENGLISH | L46: MARRIED | M46: WHITE | P46: 0 | Q46: =_xlfn.XLOOKUP(A46, patients!A:A, patients!B:B) -> M | R46: =_xlfn.XLOOKUP(A46, patients!A:A, patients!C:C) -> 52 | S46: =IF(R46<30,"Under 30", IF(R46<=50,"30-50", IF(R46<=70,"50-70","70+"))) -> 50-70 | T46: =_xlfn.XLOOKUP(B46, diagnoses_icd!B:B, diagnoses_icd!D:D) -> V173
A47: 10035631 | B47: 20385771 | C47: 77771 | D47: 77794.683 | F47: ELECTIVE | G47: P45GUA | H47: PHYSICIAN REFERRAL | I47: HOME HEALTH CARE | J47: Other | K47: ENGLISH | L47: MARRIED | M47: WHITE | P47: 0 | Q47: =_xlfn.XLOOKUP(A47, patients!A:A, patients!B:B) -> M | R47: =_xlfn.XLOOKUP(A47, patients!A:A, patients!C:C) -> 63 | S47: =IF(R47<30,"Under 30", IF(R47<=50,"30-50", IF(R47<=70,"50-70","70+"))) -> 50-70 | T47: =_xlfn.XLOOKUP(B47, diagnoses_icd!B:B, diagnoses_icd!D:D) -> 78791
A48: 10035631 | B48: 24912093 | C48: 77728 | D48: 77734.511 | F48: ELECTIVE | G48: P45GUA | H48: PHYSICIAN REFERRAL | I48: HOME HEALTH CARE | J48: Other | K48: ENGLISH | L48: MARRIED | M48: UNKNOWN | P48: 0 | Q48: =_xlfn.XLOOKUP(A48, patients!A:A, patients!B:B) -> M | R48: =_xlfn.XLOOKUP(A48, patients!A:A, patients!C:C) -> 63 | S48: =IF(R48<30,"Under 30", IF(R48<=50,"30-50", IF(R48<=70,"50-70","70+"))) -> 50-70 | T48: =_xlfn.XLOOKUP(B48, diagnoses_icd!B:B, diagnoses_icd!D:D) -> 7905
A49: 10019003 | B49: 26226543 | C49: 93428.751 | D49: 93445.75 | F49: ELECTIVE | G49: P7280F | H49: PHYSICIAN REFERRAL | I49: HOME HEALTH CARE | J49: Other | K49: ENGLISH | L49: WIDOWED | M49: WHITE | P49: 0 | Q49: =_xlfn.XLOOKUP(A49, patients!A:A, patients!B:B) -> F | R49: =_xlfn.XLOOKUP(A49, patients!A:A, patients!C:C) -> 65 | S49: =IF(R49<30,"Under 30", IF(R49<=50,"30-50", IF(R49<=70,"50-70","70+"))) -> 50-70 | T49: =_xlfn.XLOOKUP(B49, diagnoses_icd!B:B, diagnoses_icd!D:D) -> N179
A50: 10019003 | B50: 28003918 | C50: 90937.302 | D50: 90940.715 | F50: ELECTIVE | G50: P80J89 | H50: PHYSICIAN REFERRAL | I50: HOME | J50: Medicare | K50: ENGLISH | L50: WIDOWED | M50: WHITE | P50: 0 | Q50: =_xlfn.XLOOKUP(A50, patients!A:A, patients!B:B) -> F | R50: =_xlfn.XLOOKUP(A50, patients!A:A, patients!C:C) -> 65 | S50: =IF(R50<30,"Under 30", IF(R50<=50,"30-50", IF(R50<=70,"50-70","70+"))) -> 50-70 | T50: =_xlfn.XLOOKUP(B50, diagnoses_icd!B:B, diagnoses_icd!D:D) -> V103
A51: 10009035 | B51: 28324362 | C51: 95447.302 | D51: 95451.573 | F51: ELECTIVE | G51: P41R5N | H51: PHYSICIAN REFERRAL | I51: HOME HEALTH CARE | J51: Other | K51: ENGLISH | L51: SINGLE | M51: WHITE | P51: 0 | Q51: =_xlfn.XLOOKUP(A51, patients!A:A, patients!B:B) -> M | R51: =_xlfn.XLOOKUP(A51, patients!A:A, patients!C:C) -> 28 | S51: =IF(R51<30,"Under 30", IF(R51<=50,"30-50", IF(R51<=70,"50-70","70+"))) -> Under 30 | T51: =_xlfn.XLOOKUP(B51, diagnoses_icd!B:B, diagnoses_icd!D:D) -> 4240
A52: 10040025 | B52: 25933959 | C52: 90579.817 | D52: 90590.735 | F52: ELECTIVE | G52: P43BTJ | H52: PHYSICIAN REFERRAL | I52: SKILLED NURSING FACILITY | J52: Other | K52: ENGLISH | L52: DIVORCED | M52: WHITE | P52: 0 | Q52: =_xlfn.XLOOKUP(A52, patients!A:A, patients!B:B) -> F | R52: =_xlfn.XLOOKUP(A52, patients!A:A, patients!C:C) -> 64 | S52: =IF(R52<30,"Under 30", IF(R52<=50,"30-50", IF(R52<=70,"50-70","70+"))) -> 50-70 | T52: =_xlfn.XLOOKUP(B52, diagnoses_icd!B:B, diagnoses_icd!D:D) -> I509
A53: 10014729 | B53: 23300884 | C53: 82259.707 | D53: 82268.567 | F53: EW EMER. | G53: P76K54 | H53: EMERGENCY ROOM | I53: HOME HEALTH CARE | J53: Other | K53: ENGLISH | L53: SINGLE | M53: WHITE - OTHER EUROPEAN | N53: 82259.525 | O53: 82259.781 | P53: 0 | Q53: =_xlfn.XLOOKUP(A53, patients!A:A, patients!B:B) -> F | R53: =_xlfn.XLOOKUP(A53, patients!A:A, patients!C:C) -> 21 | S53: =IF(R53<30,"Under 30", IF(R53<=50,"30-50", IF(R53<=70,"50-70","70+"))) -> Under 30 | T53: =_xlfn.XLOOKUP(B53, diagnoses_icd!B:B, diagnoses_icd!D:D) -> 99832
A54: 10026255 | B54: 20437651 | C54: 109834.95 | D54: 109846.77 | F54: EW EMER. | G54: P233F6 | H54: EMERGENCY ROOM | I54: HOME | J54: Other | K54: ENGLISH | L54: MARRIED | M54: WHITE | N54: 109834.78 | O54: 109835.04 | P54: 0 | Q54: =_xlfn.XLOOKUP(A54, patients!A:A, patients!B:B) -> M | R54: =_xlfn.XLOOKUP(A54, patients!A:A, patients!C:C) -> 66 | S54: =IF(R54<30,"Under 30", IF(R54<=50,"30-50", IF(R54<=70,"50-70","70+"))) -> 50-70 | T54: =_xlfn.XLOOKUP(B54, diagnoses_icd!B:B, diagnoses_icd!D:D) -> 486
A55: 10026255 | B55: 22059910 | C55: 110127.76 | D55: 110133.98 | E55: 110133.98 | F55: EW EMER. | G55: P48KFD | H55: EMERGENCY ROOM | I55: DIED | J55: Other | K55: ENGLISH | L55: MARRIED | M55: WHITE | N55: 110127.52 | O55: 110127.82 | P55: 1 | Q55: =_xlfn.XLOOKUP(A55, patients!A:A, patients!B:B) -> M | R55: =_xlfn.XLOOKUP(A55, patients!A:A, patients!C:C) -> 66 | S55: =IF(R55<30,"Under 30", IF(R55<=50,"30-50", IF(R55<=70,"50-70","70+"))) -> 50-70 | T55: =_xlfn.XLOOKUP(B55, diagnoses_icd!B:B, diagnoses_icd!D:D) -> 2930
A56: 10007058 | B56: 22954658 | C56: 97832.795 | D56: 97836.599 | F56: EW EMER. | G56: P76K54 | H56: EMERGENCY ROOM | I56: HOME | J56: Other | K56: ENGLISH | L56: MARRIED | M56: WHITE | N56: 97832.748 | O56: 97832.849 | P56: 0 | Q56: =_xlfn.XLOOKUP(A56, patients!A:A, patients!B:B) -> M | R56: =_xlfn.XLOOKUP(A56, patients!A:A, patients!C:C) -> 48 | S56: =IF(R56<30,"Under 30", IF(R56<=50,"30-50", IF(R56<=70,"50-70","70+"))) -> 30-50 | T56: =_xlfn.XLOOKUP(B56, diagnoses_icd!B:B, diagnoses_icd!D:D) -> Z23
A57: 10018845 | B57: 21101111 | C57: 104012.1 | D57: 104015.71 | F57: EW EMER. | G57: P34SFE | H57: EMERGENCY ROOM | I57: REHAB | J57: Other | K57: ENGLISH | L57: MARRIED | M57: WHITE | N57: 104011.94 | O57: 104012.17 | P57: 0 | Q57: =_xlfn.XLOOKUP(A57, patients!A:A, patients!B:B) -> M | R57: =_xlfn.XLOOKUP(A57, patients!A:A, patients!C:C) -> 91 | S57: =IF(R57<30,"Under 30", IF(R57<=50,"30-50", IF(R57<=70,"50-70","70+"))) -> 70+ | T57: =_xlfn.XLOOKUP(B57, diagnoses_icd!B:B, diagnoses_icd!D:D) -> 5855
A58: 10020640 | B58: 27984218 | C58: 92452.015 | D58: 92459.578 | F58: EW EMER. | G58: P7554I | H58: EMERGENCY ROOM | I58: SKILLED NURSING FACILITY | J58: Other | K58: ENGLISH | L58: WIDOWED | M58: WHITE | N58: 92451.916 | O58: 92452.068 | P58: 0 | Q58: =_xlfn.XLOOKUP(A58, patients!A:A, patients!B:B) -> F | R58: =_xlfn.XLOOKUP(A58, patients!A:A, patients!C:C) -> 91 | S58: =IF(R58<30,"Under 30", IF(R58<=50,"30-50", IF(R58<=70,"50-70","70+"))) -> 70+ | T58: =_xlfn.XLOOKUP(B58, diagnoses_icd!B:B, diagnoses_icd!D:D) -> 34831
A59: 10018081 | B59: 25973915 | C59: 85717.665 | D59: 85729.66 | F59: EW EMER. | G59: P13ZRJ | H59: EMERGENCY ROOM | I59: CHRONIC/LONG TERM ACUTE CARE | J59: Medicare | K59: ENGLISH | L59: MARRIED | M59: WHITE | N59: 85716.676 | O59: 85717.701 | P59: 0 | Q59: =_xlfn.XLOOKUP(A59, patients!A:A, patients!B:B) -> M | R59: =_xlfn.XLOOKUP(A59, patients!A:A, patients!C:C) -> 79 | S59: =IF(R59<30,"Under 30", IF(R59<=50,"30-50", IF(R59<=70,"50-70","70+"))) -> 70+ | T59: =_xlfn.XLOOKUP(B59, diagnoses_icd!B:B, diagnoses_icd!D:D) -> 2760
A60: 10018081 | B60: 21027282 | C60: 85455.707 | D60: 85480.458 | F60: EW EMER. | G60: P19SWB | H60: EMERGENCY ROOM | I60: SKILLED NURSING FACILITY | J60: Medicare | K60: ENGLISH | L60: MARRIED | M60: WHITE | N60: 85455.506 | O60: 85455.715 | P60: 0 | Q60: =_xlfn.XLOOKUP(A60, patients!A:A, patients!B:B) -> M | R60: =_xlfn.XLOOKUP(A60, patients!A:A, patients!C:C) -> 79 | S60: =IF(R60<30,"Under 30", IF(R60<=50,"30-50", IF(R60<=70,"50-70","70+"))) -> 70+ | T60: =_xlfn.XLOOKUP(B60, diagnoses_icd!B:B, diagnoses_icd!D:D) -> 5845
A61: 10021666 | B61: 22756440 | C61: 99419.991 | D61: 99430.653 | F61: EW EMER. | G61: P99698 | H61: EMERGENCY ROOM | I61: CHRONIC/LONG TERM ACUTE CARE | J61: Medicare | K61: ENGLISH | L61: MARRIED | M61: WHITE | N61: 99419.869 | O61: 99420.074 | P61: 0 | Q61: =_xlfn.XLOOKUP(A61, patients!A:A, patients!B:B) -> M | R61: =_xlfn.XLOOKUP(A61, patients!A:A, patients!C:C) -> 87 | S61: =IF(R61<30,"Under 30", IF(R61<=50,"30-50", IF(R61<=70,"50-70","70+"))) -> 70+ | T61: =_xlfn.XLOOKUP(B61, diagnoses_icd!B:B, diagnoses_icd!D:D) -> V4986
A62: 10015272 | B62: 27993466 | C62: 86727.775 | D62: 86733.656 | F62: EW EMER. | G62: P3529J | H62: EMERGENCY ROOM | I62: HOME HEALTH CARE | J62: Medicare | K62: ENGLISH | M62: WHITE | N62: 86727.704 | O62: 86727.859 | P62: 0 | Q62: =_xlfn.XLOOKUP(A62, patients!A:A, patients!B:B) -> F | R62: =_xlfn.XLOOKUP(A62, patients!A:A, patients!C:C) -> 78 | S62: =IF(R62<30,"Under 30", IF(R62<=50,"30-50", IF(R62<=70,"50-70","70+"))) -> 70+ | T62: =_xlfn.XLOOKUP(B62, diagnoses_icd!B:B, diagnoses_icd!D:D) -> I82412
A63: 10016810 | B63: 20973395 | C63: 104263.06 | D63: 104268.66 | F63: EW EMER. | G63: P3638G | H63: EMERGENCY ROOM | I63: HOME | J63: Other | K63: ENGLISH | M63: UNKNOWN | N63: 104262.96 | O63: 104263.09 | P63: 0 | Q63: =_xlfn.XLOOKUP(A63, patients!A:A, patients!B:B) -> F | R63: =_xlfn.XLOOKUP(A63, patients!A:A, patients!C:C) -> 66 | S63: =IF(R63<30,"Under 30", IF(R63<=50,"30-50", IF(R63<=70,"50-70","70+"))) -> 50-70 | T63: =_xlfn.XLOOKUP(B63, diagnoses_icd!B:B, diagnoses_icd!D:D) -> 4589
A64: 10021938 | B64: 23112364 | C64: 102921.07 | D64: 102922.74 | F64: EW EMER. | G64: P3529J | H64: EMERGENCY ROOM | I64: HOME | J64: Medicare | K64: ENGLISH | L64: SINGLE | M64: WHITE | N64: 102920.85 | O64: 102921.12 | P64: 0 | Q64: =_xlfn.XLOOKUP(A64, patients!A:A, patients!B:B) -> M | R64: =_xlfn.XLOOKUP(A64, patients!A:A, patients!C:C) -> 65 | S64: =IF(R64<30,"Under 30", IF(R64<=50,"30-50", IF(R64<=70,"50-70","70+"))) -> 50-70 | T64: =_xlfn.XLOOKUP(B64, diagnoses_icd!B:B, diagnoses_icd!D:D) -> 5856
A65: 10021938 | B65: 27154822 | C65: 102933.45 | D65: 102935.65 | F65: EW EMER. | G65: P99BGS | H65: EMERGENCY ROOM | I65: HOME | J65: Medicare | K65: ENGLISH | L65: SINGLE | M65: WHITE | N65: 102933.39 | O65: 102933.48 | P65: 0 | Q65: =_xlfn.XLOOKUP(A65, patients!A:A, patients!B:B) -> M | R65: =_xlfn.XLOOKUP(A65, patients!A:A, patients!C:C) -> 65 | S65: =IF(R65<30,"Under 30", IF(R65<=50,"30-50", IF(R65<=70,"50-70","70+"))) -> 50-70 | T65: =_xlfn.XLOOKUP(B65, diagnoses_icd!B:B, diagnoses_icd!D:D) -> 78900
A66: 10001725 | B66: 25563031 | C66: 76803.631 | D66: 76806.625 | F66: EW EMER. | G66: P35SU0 | H66: PACU | I66: HOME | J66: Other | K66: ENGLISH | L66: MARRIED | M66: WHITE | P66: 0 | Q66: =_xlfn.XLOOKUP(A66, patients!A:A, patients!B:B) -> F | R66: =_xlfn.XLOOKUP(A66, patients!A:A, patients!C:C) -> 46 | S66: =IF(R66<30,"Under 30", IF(R66<=50,"30-50", IF(R66<=70,"50-70","70+"))) -> 30-50 | T66: =_xlfn.XLOOKUP(B66, diagnoses_icd!B:B, diagnoses_icd!D:D) -> 49390
A67: 10001217 | B67: 24597018 | C67: 94191.956 | D67: 94198.75 | F67: EW EMER. | G67: P4645A | H67: EMERGENCY ROOM | I67: HOME HEALTH CARE | J67: Other | K67: ? | L67: MARRIED | M67: WHITE | N67: 94191.735 | O67: 94192.058 | P67: 0 | Q67: =_xlfn.XLOOKUP(A67, patients!A:A, patients!B:B) -> F | R67: =_xlfn.XLOOKUP(A67, patients!A:A, patients!C:C) -> 55 | S67: =IF(R67<30,"Under 30", IF(R67<=50,"30-50", IF(R67<=70,"50-70","70+"))) -> 50-70 | T67: =_xlfn.XLOOKUP(B67, diagnoses_icd!B:B, diagnoses_icd!D:D) -> V168
A68: 10023239 | B68: 29295881 | C68: 86734.733 | D68: 86737.623 | F68: EW EMER. | G68: P44WVR | H68: EMERGENCY ROOM | I68: HOME | J68: Other | K68: ENGLISH | L68: SINGLE | M68: WHITE | N68: 86734.628 | O68: 86734.798 | P68: 0 | Q68: =_xlfn.XLOOKUP(A68, patients!A:A, patients!B:B) -> F | R68: =_xlfn.XLOOKUP(A68, patients!A:A, patients!C:C) -> 29 | S68: =IF(R68<30,"Under 30", IF(R68<=50,"30-50", IF(R68<=70,"50-70","70+"))) -> Under 30 | T68: =_xlfn.XLOOKUP(B68, diagnoses_icd!B:B, diagnoses_icd!D:D) -> V5867
A69: 10023239 | B69: 21759936 | C69: 87936.379 | D69: 87941.644 | F69: EW EMER. | G69: P031HZ | H69: TRANSFER FROM HOSPITAL | I69: HOME | J69: Other | K69: ENGLISH | L69: MARRIED | M69: WHITE | N69: 87936.264 | O69: 87936.461 | P69: 0 | Q69: =_xlfn.XLOOKUP(A69, patients!A:A, patients!B:B) -> F | R69: =_xlfn.XLOOKUP(A69, patients!A:A, patients!C:C) -> 29 | S69: =IF(R69<30,"Under 30", IF(R69<=50,"30-50", IF(R69<=70,"50-70","70+"))) -> Under 30 | T69: =_xlfn.XLOOKUP(B69, diagnoses_icd!B:B, diagnoses_icd!D:D) -> E039
A70: 10020944 | B70: 29974575 | C70: 84430.649 | D70: 84444.709 | F70: EW EMER. | G70: P27588 | H70: EMERGENCY ROOM | I70: SKILLED NURSING FACILITY | J70: Medicare | K70: ENGLISH | M70: UNKNOWN | N70: 84430.553 | O70: 84430.694 | P70: 0 | Q70: =_xlfn.XLOOKUP(A70, patients!A:A, patients!B:B) -> M | R70: =_xlfn.XLOOKUP(A70, patients!A:A, patients!C:C) -> 72 | S70: =IF(R70<30,"Under 30", IF(R70<=50,"30-50", IF(R70<=70,"50-70","70+"))) -> 70+ | T70: =_xlfn.XLOOKUP(B70, diagnoses_icd!B:B, diagnoses_icd!D:D) -> 3575
A71: 10027602 | B71: 28166872 | C71: 110242.5 | D71: 110263.61 | F71: EW EMER. | G71: P47SIK | H71: EMERGENCY ROOM | I71: REHAB | J71: Other | K71: ENGLISH | L71: SINGLE | M71: WHITE | N71: 110242.45 | O71: 110242.52 | P71: 0 | Q71: =_xlfn.XLOOKUP(A71, patients!A:A, patients!B:B) -> F | R71: =_xlfn.XLOOKUP(A71, patients!A:A, patients!C:C) -> 71 | S71: =IF(R71<30,"Under 30", IF(R71<=50,"30-50", IF(R71<=70,"50-70","70+"))) -> 70+ | T71: =_xlfn.XLOOKUP(B71, diagnoses_icd!B:B, diagnoses_icd!D:D) -> 5990
A72: 10032725 | B72: 25177949 | C72: 88803.597 | D72: 88830.719 | F72: EW EMER. | G72: P39043 | H72: EMERGENCY ROOM | I72: CHRONIC/LONG TERM ACUTE CARE | J72: Other | K72: ENGLISH | L72: SINGLE | M72: BLACK/AFRICAN AMERICAN | N72: 88803.305 | O72: 88803.637 | P72: 0 | Q72: =_xlfn.XLOOKUP(A72, patients!A:A, patients!B:B) -> F | R72: =_xlfn.XLOOKUP(A72, patients!A:A, patients!C:C) -> 38 | S72: =IF(R72<30,"Under 30", IF(R72<=50,"30-50", IF(R72<=70,"50-70","70+"))) -> 30-50 | T72: =_xlfn.XLOOKUP(B72, diagnoses_icd!B:B, diagnoses_icd!D:D) -> 1987
A73: 10032725 | B73: 20611640 | C73: 88836.208 | D73: 88839.542 | F73: EW EMER. | G73: P7554I | H73: EMERGENCY ROOM | I73: HOSPICE | J73: Other | K73: ENGLISH | L73: SINGLE | M73: BLACK/AFRICAN AMERICAN | N73: 88836.055 | O73: 88836.279 | P73: 0 | Q73: =_xlfn.XLOOKUP(A73, patients!A:A, patients!B:B) -> F | R73: =_xlfn.XLOOKUP(A73, patients!A:A, patients!C:C) -> 38 | S73: =IF(R73<30,"Under 30", IF(R73<=50,"30-50", IF(R73<=70,"50-70","70+"))) -> 30-50 | T73: =_xlfn.XLOOKUP(B73, diagnoses_icd!B:B, diagnoses_icd!D:D) -> 3485
A74: 10005348 | B74: 25239799 | C74: 84306.71 | D74: 84313.667 | F74: EW EMER. | G74: P38RSS | H74: PROCEDURE SITE | I74: SKILLED NURSING FACILITY | J74: Other | K74: ENGLISH | L74: MARRIED | M74: WHITE | P74: 0 | Q74: =_xlfn.XLOOKUP(A74, patients!A:A, patients!B:B) -> M | R74: =_xlfn.XLOOKUP(A74, patients!A:A, patients!C:C) -> 76 | S74: =IF(R74<30,"Under 30", IF(R74<=50,"30-50", IF(R74<=70,"50-70","70+"))) -> 70+ | T74: =_xlfn.XLOOKUP(B74, diagnoses_icd!B:B, diagnoses_icd!D:D) -> 311
A75: 10037861 | B75: 24540843 | C75: 79332.69 | D75: 79342.001 | E75: 79342.964 | F75: EW EMER. | G75: P01LRQ | H75: EMERGENCY ROOM | I75: DIED | J75: Medicare | K75: ENGLISH | L75: MARRIED | M75: UNKNOWN | N75: 79332.638 | O75: 79332.745 | P75: 1 | Q75: =_xlfn.XLOOKUP(A75, patients!A:A, patients!B:B) -> M | R75: =_xlfn.XLOOKUP(A75, patients!A:A, patients!C:C) -> 77 | S75: =IF(R75<30,"Under 30", IF(R75<=50,"30-50", IF(R75<=70,"50-70","70+"))) -> 70+ | T75: =_xlfn.XLOOKUP(B75, diagnoses_icd!B:B, diagnoses_icd!D:D) -> Z9911
A76: 10010471 | B76: 29842315 | C76: 93474.817 | D76: 93479.646 | E76: 93479.646 | F76: EW EMER. | G76: P04X8Y | H76: EMERGENCY ROOM | I76: DIED | J76: Medicare | K76: ENGLISH | L76: WIDOWED | M76: WHITE | N76: 93474.667 | O76: 93474.856 | P76: 1 | Q76: =_xlfn.XLOOKUP(A76, patients!A:A, patients!B:B) -> F | R76: =_xlfn.XLOOKUP(A76, patients!A:A, patients!C:C) -> 89 | S76: =IF(R76<30,"Under 30", IF(R76<=50,"30-50", IF(R76<=70,"50-70","70+"))) -> 70+ | T76: =_xlfn.XLOOKUP(B76, diagnoses_icd!B:B, diagnoses_icd!D:D) -> Z87891
A77: 10005866 | B77: 27167814 | C77: 90651.678 | D77: 90662.771 | F77: EW EMER. | G77: P28OI9 | H77: EMERGENCY ROOM | I77: SKILLED NURSING FACILITY | J77: Medicaid | K77: ENGLISH | L77: SINGLE | M77: PORTUGUESE | N77: 90651.199 | O77: 90651.477 | P77: 0 | Q77: =_xlfn.XLOOKUP(A77, patients!A:A, patients!B:B) -> M | R77: =_xlfn.XLOOKUP(A77, patients!A:A, patients!C:C) -> 57 | S77: =IF(R77<30,"Under 30", IF(R77<=50,"30-50", IF(R77<=70,"50-70","70+"))) -> 50-70 | T77: =_xlfn.XLOOKUP(B77, diagnoses_icd!B:B, diagnoses_icd!D:D) -> R339
A78: 10005866 | B78: 26134779 | C78: 91203.317 | D78: 91209.75 | F78: EW EMER. | G78: P95QHH | H78: EMERGENCY ROOM | I78: HOME | J78: Medicaid | K78: ENGLISH | L78: SINGLE | M78: PORTUGUESE | N78: 91202.647 | O78: 91203.376 | P78: 0 | Q78: =_xlfn.XLOOKUP(A78, patients!A:A, patients!B:B) -> M | R78: =_xlfn.XLOOKUP(A78, patients!A:A, patients!C:C) -> 57 | S78: =IF(R78<30,"Under 30", IF(R78<=50,"30-50", IF(R78<=70,"50-70","70+"))) -> 50-70 | T78: =_xlfn.XLOOKUP(B78, diagnoses_icd!B:B, diagnoses_icd!D:D) -> F17210
A79: 10005866 | B79: 26158160 | C79: 90008.035 | D79: 90011.698 | F79: EW EMER. | G79: P94RT6 | H79: EMERGENCY ROOM | I79: HOME | J79: Medicaid | K79: ENGLISH | L79: SINGLE | M79: PORTUGUESE | N79: 90007.935 | O79: 90008.073 | P79: 0 | Q79: =_xlfn.XLOOKUP(A79, patients!A:A, patients!B:B) -> M | R79: =_xlfn.XLOOKUP(A79, patients!A:A, patients!C:C) -> 57 | S79: =IF(R79<30,"Under 30", IF(R79<=50,"30-50", IF(R79<=70,"50-70","70+"))) -> 50-70 | T79: =_xlfn.XLOOKUP(B79, diagnoses_icd!B:B, diagnoses_icd!D:D) -> 30503
A80: 10024043 | B80: 24717014 | C80: 79360.865 | D80: 79365.788 | F80: EW EMER. | G80: P5487F | H80: EMERGENCY ROOM | I80: HOME HEALTH CARE | J80: Medicare | K80: ENGLISH | L80: SINGLE | M80: BLACK/AFRICAN AMERICAN | N80: 79360.724 | O80: 79360.92 | P80: 0 | Q80: =_xlfn.XLOOKUP(A80, patients!A:A, patients!B:B) -> M | R80: =_xlfn.XLOOKUP(A80, patients!A:A, patients!C:C) -> 67 | S80: =IF(R80<30,"Under 30", IF(R80<=50,"30-50", IF(R80<=70,"50-70","70+"))) -> 50-70 | T80: =_xlfn.XLOOKUP(B80, diagnoses_icd!B:B, diagnoses_icd!D:D) -> V113
A81: 10021487 | B81: 28998349 | C81: 79231.016 | D81: 79256.555 | F81: EW EMER. | G81: P61T4I | H81: EMERGENCY ROOM | I81: HOME | J81: Other | K81: ENGLISH | L81: MARRIED | M81: WHITE | N81: 79230.956 | O81: 79231.043 | P81: 0 | Q81: =_xlfn.XLOOKUP(A81, patients!A:A, patients!B:B) -> M | R81: =_xlfn.XLOOKUP(A81, patients!A:A, patients!C:C) -> 43 | S81: =IF(R81<30,"Under 30", IF(R81<=50,"30-50", IF(R81<=70,"50-70","70+"))) -> 30-50 | T81: =_xlfn.XLOOKUP(B81, diagnoses_icd!B:B, diagnoses_icd!D:D) -> 86389
A82: 10021487 | B82: 21928381 | C82: 79596.713 | D82: 79599.729 | F82: EW EMER. | G82: P96Y5O | H82: PROCEDURE SITE | I82: HOME | J82: Other | K82: ENGLISH | L82: DIVORCED | M82: WHITE | P82: 0 | Q82: =_xlfn.XLOOKUP(A82, patients!A:A, patients!B:B) -> M | R82: =_xlfn.XLOOKUP(A82, patients!A:A, patients!C:C) -> 43 | S82: =IF(R82<30,"Under 30", IF(R82<=50,"30-50", IF(R82<=70,"50-70","70+"))) -> 30-50 | T82: =_xlfn.XLOOKUP(B82, diagnoses_icd!B:B, diagnoses_icd!D:D) -> 56981
A83: 10021487 | B83: 26321862 | C83: 79287.013 | D83: 79295.653 | F83: EW EMER. | G83: P82B0E | H83: EMERGENCY ROOM | I83: HOME | J83: Other | K83: ENGLISH | L83: MARRIED | M83: WHITE | N83: 79286.763 | O83: 79287.058 | P83: 0 | Q83: =_xlfn.XLOOKUP(A83, patients!A:A, patients!B:B) -> M | R83: =_xlfn.XLOOKUP(A83, patients!A:A, patients!C:C) -> 43 | S83: =IF(R83<30,"Under 30", IF(R83<=50,"30-50", IF(R83<=70,"50-70","70+"))) -> 30-50 | T83: =_xlfn.XLOOKUP(B83, diagnoses_icd!B:B, diagnoses_icd!D:D) -> 04109
A84: 10021487 | B84: 27112038 | C84: 79557.932 | D84: 79561.611 | F84: EW EMER. | G84: P233F6 | H84: EMERGENCY ROOM | I84: HOME | J84: Other | K84: ENGLISH | L84: DIVORCED | M84: WHITE | N84: 79557.659 | O84: 79557.953 | P84: 0 | Q84: =_xlfn.XLOOKUP(A84, patients!A:A, patients!B:B) -> M | R84: =_xlfn.XLOOKUP(A84, patients!A:A, patients!C:C) -> 43 | S84: =IF(R84<30,"Under 30", IF(R84<=50,"30-50", IF(R84<=70,"50-70","70+"))) -> 30-50 | T84: =_xlfn.XLOOKUP(B84, diagnoses_icd!B:B, diagnoses_icd!D:D) -> 04185
A85: 10015860 | B85: 24698912 | C85: 106785.32 | D85: 106800.78 | F85: EW EMER. | G85: P03YMR | H85: PHYSICIAN REFERRAL | I85: SKILLED NURSING FACILITY | J85: Other | K85: ENGLISH | L85: SINGLE | M85: WHITE | N85: 106784.68 | O85: 106785.4 | P85: 0 | Q85: =_xlfn.XLOOKUP(A85, patients!A:A, patients!B:B) -> M | R85: =_xlfn.XLOOKUP(A85, patients!A:A, patients!C:C) -> 53 | S85: =IF(R85<30,"Under 30", IF(R85<=50,"30-50", IF(R85<=70,"50-70","70+"))) -> 50-70 | T85: =_xlfn.XLOOKUP(B85, diagnoses_icd!B:B, diagnoses_icd!D:D) -> D329
A86: 10015860 | B86: 28236161 | C86: 105084.78 | D86: 105088.62 | F86: EW EMER. | G86: P62A9I | H86: EMERGENCY ROOM | I86: HOME HEALTH CARE | J86: Other | K86: ENGLISH | L86: SINGLE | M86: WHITE | N86: 105084.59 | O86: 105084.87 | P86: 0 | Q86: =_xlfn.XLOOKUP(A86, patients!A:A, patients!B:B) -> M | R86: =_xlfn.XLOOKUP(A86, patients!A:A, patients!C:C) -> 53 | S86: =IF(R86<30,"Under 30", IF(R86<=50,"30-50", IF(R86<=70,"50-70","70+"))) -> 50-70 | T86: =_xlfn.XLOOKUP(B86, diagnoses_icd!B:B, diagnoses_icd!D:D) -> V1582
A87: 10015860 | B87: 20790339 | C87: 105700.09 | D87: 105702.61 | F87: EW EMER. | G87: P00P3O | H87: EMERGENCY ROOM | I87: HOME HEALTH CARE | J87: Other | K87: ENGLISH | L87: SINGLE | M87: WHITE | N87: 105699.97 | O87: 105700.15 | P87: 0 | Q87: =_xlfn.XLOOKUP(A87, patients!A:A, patients!B:B) -> M | R87: =_xlfn.XLOOKUP(A87, patients!A:A, patients!C:C) -> 53 | S87: =IF(R87<30,"Under 30", IF(R87<=50,"30-50", IF(R87<=70,"50-70","70+"))) -> 50-70 | T87: =_xlfn.XLOOKUP(B87, diagnoses_icd!B:B, diagnoses_icd!D:D) -> 3572
A88: 10015860 | B88: 25085565 | C88: 104719.68 | D88: 104733.75 | F88: EW EMER. | G88: P56SP9 | H88: EMERGENCY ROOM | I88: REHAB | J88: Other | K88: ENGLISH | L88: SINGLE | M88: WHITE | N88: 104719.54 | O88: 104719.72 | P88: 0 | Q88: =_xlfn.XLOOKUP(A88, patients!A:A, patients!B:B) -> M | R88: =_xlfn.XLOOKUP(A88, patients!A:A, patients!C:C) -> 53 | S88: =IF(R88<30,"Under 30", IF(R88<=50,"30-50", IF(R88<=70,"50-70","70+"))) -> 50-70 | T88: =_xlfn.XLOOKUP(B88, diagnoses_icd!B:B, diagnoses_icd!D:D) -> 0380
A89: 10015860 | B89: 20854119 | C89: 105410.03 | D89: 105416.74 | F89: EW EMER. | G89: P29CGZ | H89: EMERGENCY ROOM | I89: HOME HEALTH CARE | J89: Other | K89: ENGLISH | L89: SINGLE | M89: WHITE | N89: 105409.86 | O89: 105410.14 | P89: 0 | Q89: =_xlfn.XLOOKUP(A89, patients!A:A, patients!B:B) -> M | R89: =_xlfn.XLOOKUP(A89, patients!A:A, patients!C:C) -> 53 | S89: =IF(R89<30,"Under 30", IF(R89<=50,"30-50", IF(R89<=70,"50-70","70+"))) -> 50-70 | T89: =_xlfn.XLOOKUP(B89, diagnoses_icd!B:B, diagnoses_icd!D:D) -> 0380
A90: 10018423 | B90: 29366372 | C90: 97644.892 | D90: 97652.54 | F90: EW EMER. | G90: P204LI | H90: EMERGENCY ROOM | I90: HOME HEALTH CARE | J90: Other | K90: ENGLISH | L90: MARRIED | M90: WHITE | N90: 97644.637 | O90: 97644.951 | P90: 0 | Q90: =_xlfn.XLOOKUP(A90, patients!A:A, patients!B:B) -> M | R90: =_xlfn.XLOOKUP(A90, patients!A:A, patients!C:C) -> 37 | S90: =IF(R90<30,"Under 30", IF(R90<=50,"30-50", IF(R90<=70,"50-70","70+"))) -> 30-50 | T90: =_xlfn.XLOOKUP(B90, diagnoses_icd!B:B, diagnoses_icd!D:D) -> D62
A91: 10007928 | B91: 20338077 | C91: 83737.956 | D91: 83743.726 | F91: EW EMER. | G91: P825SO | H91: EMERGENCY ROOM | I91: HOME | J91: Other | K91: ENGLISH | L91: DIVORCED | M91: WHITE | N91: 83737.887 | O91: 83738.017 | P91: 0 | Q91: =_xlfn.XLOOKUP(A91, patients!A:A, patients!B:B) -> F | R91: =_xlfn.XLOOKUP(A91, patients!A:A, patients!C:C) -> 59 | S91: =IF(R91<30,"Under 30", IF(R91<=50,"30-50", IF(R91<=70,"50-70","70+"))) -> 50-70 | T91: =_xlfn.XLOOKUP(B91, diagnoses_icd!B:B, diagnoses_icd!D:D) -> 53240
A92: 10014078 | B92: 25809882 | C92: 97389.965 | D92: 97394.617 | F92: EW EMER. | G92: P64JK6 | H92: EMERGENCY ROOM | I92: HOME HEALTH CARE | J92: Medicaid | K92: ENGLISH | M92: UNABLE TO OBTAIN | N92: 97389.902 | O92: 97390.025 | P92: 0 | Q92: =_xlfn.XLOOKUP(A92, patients!A:A, patients!B:B) -> F | R92: =_xlfn.XLOOKUP(A92, patients!A:A, patients!C:C) -> 60 | S92: =IF(R92<30,"Under 30", IF(R92<=50,"30-50", IF(R92<=70,"50-70","70+"))) -> 50-70 | T92: =_xlfn.XLOOKUP(B92, diagnoses_icd!B:B, diagnoses_icd!D:D) -> 1369
A93: 10020740 | B93: 25826145 | C93: 91466.842 | D93: 91470.628 | F93: EW EMER. | G93: P80QIV | H93: PACU | I93: SKILLED NURSING FACILITY | J93: Other | K93: ENGLISH | L93: SINGLE | M93: WHITE | P93: 0 | Q93: =_xlfn.XLOOKUP(A93, patients!A:A, patients!B:B) -> M | R93: =_xlfn.XLOOKUP(A93, patients!A:A, patients!C:C) -> 56 | S93: =IF(R93<30,"Under 30", IF(R93<=50,"30-50", IF(R93<=70,"50-70","70+"))) -> 50-70 | T93: =_xlfn.XLOOKUP(B93, diagnoses_icd!B:B, diagnoses_icd!D:D) -> 5680
A94: 10008454 | B94: 20291550 | C94: 77036.272 | D94: 77046.662 | F94: EW EMER. | G94: P77BSD | H94: EMERGENCY ROOM | I94: HOME HEALTH CARE | J94: Other | K94: ENGLISH | L94: SINGLE | M94: WHITE | N94: 77036.198 | O94: 77036.335 | P94: 0 | Q94: =_xlfn.XLOOKUP(A94, patients!A:A, patients!B:B) -> F | R94: =_xlfn.XLOOKUP(A94, patients!A:A, patients!C:C) -> 26 | S94: =IF(R94<30,"Under 30", IF(R94<=50,"30-50", IF(R94<=70,"50-70","70+"))) -> Under 30 | T94: =_xlfn.XLOOKUP(B94, diagnoses_icd!B:B, diagnoses_icd!D:D) -> 80704
A95: 10022281 | B95: 29642388 | C95: 82349.174 | D95: 82351.642 | F95: EW EMER. | G95: P76K54 | H95: EMERGENCY ROOM | I95: HOME | J95: Other | K95: ENGLISH | L95: MARRIED | M95: OTHER | N95: 82348.856 | O95: 82349.218 | P95: 0 | Q95: =_xlfn.XLOOKUP(A95, patients!A:A, patients!B:B) -> M | R95: =_xlfn.XLOOKUP(A95, patients!A:A, patients!C:C) -> 84 | S95: =IF(R95<30,"Under 30", IF(R95<=50,"30-50", IF(R95<=70,"50-70","70+"))) -> 70+ | T95: =_xlfn.XLOOKUP(B95, diagnoses_icd!B:B, diagnoses_icd!D:D) -> 25000
A96: 10014354 | B96: 24357615 | C96: 91441.673 | D96: 91442.666 | F96: EW EMER. | G96: P15PLY | H96: PHYSICIAN REFERRAL | I96: HOME HEALTH CARE | J96: Other | K96: ENGLISH | L96: SINGLE | M96: WHITE | N96: 91440.938 | O96: 91441.798 | P96: 0 | Q96: =_xlfn.XLOOKUP(A96, patients!A:A, patients!B:B) -> M | R96: =_xlfn.XLOOKUP(A96, patients!A:A, patients!C:C) -> 60 | S96: =IF(R96<30,"Under 30", IF(R96<=50,"30-50", IF(R96<=70,"50-70","70+"))) -> 50-70 | T96: =_xlfn.XLOOKUP(B96, diagnoses_icd!B:B, diagnoses_icd!D:D) -> I480
A97: 10014354 | B97: 22741225 | C97: 90132.991 | D97: 90136.764 | F97: EW EMER. | G97: P5487F | H97: EMERGENCY ROOM | I97: HOME HEALTH CARE | J97: Other | K97: ENGLISH | L97: MARRIED | M97: WHITE | N97: 90132.894 | O97: 90133.047 | P97: 0 | Q97: =_xlfn.XLOOKUP(A97, patients!A:A, patients!B:B) -> M | R97: =_xlfn.XLOOKUP(A97, patients!A:A, patients!C:C) -> 60 | S97: =IF(R97<30,"Under 30", IF(R97<=50,"30-50", IF(R97<=70,"50-70","70+"))) -> 50-70 | T97: =_xlfn.XLOOKUP(B97, diagnoses_icd!B:B, diagnoses_icd!D:D) -> C9110
A98: 10014354 | B98: 26013492 | C98: 90534.925 | D98: 90536.625 | F98: EW EMER. | G98: P424IO | H98: EMERGENCY ROOM | I98: HOME HEALTH CARE | J98: Other | K98: ENGLISH | L98: SINGLE | M98: WHITE | N98: 90534.765 | O98: 90534.965 | P98: 0 | Q98: =_xlfn.XLOOKUP(A98, patients!A:A, patients!B:B) -> M | R98: =_xlfn.XLOOKUP(A98, patients!A:A, patients!C:C) -> 60 | S98: =IF(R98<30,"Under 30", IF(R98<=50,"30-50", IF(R98<=70,"50-70","70+"))) -> 50-70 | T98: =_xlfn.XLOOKUP(B98, diagnoses_icd!B:B, diagnoses_icd!D:D) -> N179
A99: 10014354 | B99: 29757856 | C99: 91412.111 | D99: 91417.75 | F99: EW EMER. | G99: P08904 | H99: WALK-IN/SELF REFERRAL | I99: HOME HEALTH CARE | J99: Other | K99: ENGLISH | L99: SINGLE | M99: WHITE | N99: 91411.826 | O99: 91412.157 | P99: 0 | Q99: =_xlfn.XLOOKUP(A99, patients!A:A, patients!B:B) -> M | R99: =_xlfn.XLOOKUP(A99, patients!A:A, patients!C:C) -> 60 | S99: =IF(R99<30,"Under 30", IF(R99<=50,"30-50", IF(R99<=70,"50-70","70+"))) -> 50-70 | T99: =_xlfn.XLOOKUP(B99, diagnoses_icd!B:B, diagnoses_icd!D:D) -> Z8547
A100: 10038933 | B100: 25129047 | C100: 90835.506 | D100: 90848.512 | F100: EW EMER. | G100: P47KFL | H100: EMERGENCY ROOM | I100: REHAB | J100: Other | K100: ENGLISH | L100: SINGLE | M100: WHITE | N100: 90835.391 | O100: 90835.555 | P100: 0 | Q100: =_xlfn.XLOOKUP(A100, patients!A:A, patients!B:B) -> M | R100: =_xlfn.XLOOKUP(A100, patients!A:A, patients!C:C) -> 34 | S100: =IF(R100<30,"Under 30", IF(R100<=50,"30-50", IF(R100<=70,"50-70","70+"))) -> 30-50 | T100: =_xlfn.XLOOKUP(B100, diagnoses_icd!B:B, diagnoses_icd!D:D) -> 34830
...

Sheet patients
A1: subject_id | B1: gender | C1: anchor_age | D1: anchor_year | E1: anchor_year_group | F1: dod
A2: 10014729 | B2: F | C2: 21 | D2: 2125 | E2: 2011 - 2013
A3: 10003400 | B3: F | C3: 72 | D3: 2134 | E3: 2011 - 2013 | F3: 86809
A4: 10002428 | B4: F | C4: 80 | D4: 2155 | E4: 2011 - 2013
A5: 10032725 | B5: F | C5: 38 | D5: 2143 | E5: 2011 - 2013 | F5: 88844
A6: 10027445 | B6: F | C6: 48 | D6: 2142 | E6: 2011 - 2013 | F6: 89891
A7: 10037928 | B7: F | C7: 78 | D7: 2175 | E7: 2011 - 2013
A8: 10001725 | B8: F | C8: 46 | D8: 2110 | E8: 2011 - 2013
A9: 10040025 | B9: F | C9: 64 | D9: 2143 | E9: 2011 - 2013 | F9: 90619
A10: 10008454 | B10: F | C10: 26 | D10: 2110 | E10: 2011 - 2013
A11: 10020640 | B11: F | C11: 91 | D11: 2153 | E11: 2011 - 2013 | F11: 92808
A12: 10014078 | B12: F | C12: 60 | D12: 2166 | E12: 2011 - 2013
A13: 10007795 | B13: F | C13: 53 | D13: 2136 | E13: 2011 - 2013
A14: 10001217 | B14: F | C14: 55 | D14: 2157 | E14: 2011 - 2013
A15: 10019172 | B15: F | C15: 63 | D15: 2118 | E15: 2011 - 2013
A16: 10039831 | B16: F | C16: 57 | D16: 2115 | E16: 2011 - 2013
A17: 10007928 | B17: F | C17: 59 | D17: 2129 | E17: 2011 - 2013
A18: 10019003 | B18: F | C18: 65 | D18: 2148 | E18: 2011 - 2013 | F18: 93475
A19: 10002930 | B19: F | C19: 48 | D19: 2193 | E19: 2011 - 2013 | F19: 110297
A20: 10010471 | B20: F | C20: 89 | D20: 2155 | E20: 2014 - 2016 | F20: 93479
A21: 10027602 | B21: F | C21: 71 | D21: 2201 | E21: 2014 - 2016
A22: 10031757 | B22: F | C22: 67 | D22: 2137 | E22: 2014 - 2016 | F22: 86868
A23: 10016742 | B23: F | C23: 58 | D23: 2178 | E23: 2014 - 2016
A24: 10039997 | B24: F | C24: 67 | D24: 2134 | E24: 2014 - 2016
A25: 10012853 | B25: F | C25: 91 | D25: 2175 | E25: 2014 - 2016
A26: 10000032 | B26: F | C26: 52 | D26: 2180 | E26: 2014 - 2016 | F26: 102522
A27: 10031404 | B27: F | C27: 82 | D27: 2113 | E27: 2014 - 2016
A28: 10029291 | B28: F | C28: 50 | D28: 2123 | E28: 2014 - 2016
A29: 10005909 | B29: F | C29: 40 | D29: 2144 | E29: 2014 - 2016
A30: 10039708 | B30: F | C30: 46 | D30: 2138 | E30: 2014 - 2016
A31: 10019568 | B31: F | C31: 59 | D31: 2120 | E31: 2014 - 2016
A32: 10020187 | B32: F | C32: 63 | D32: 2169 | E32: 2014 - 2016
A33: 10016810 | B33: F | C33: 66 | D33: 2185 | E33: 2014 - 2016
A34: 10038081 | B34: F | C34: 63 | D34: 2115 | E34: 2014 - 2016 | F34: 78813
A35: 10021312 | B35: F | C35: 55 | D35: 2113 | E35: 2014 - 2016
A36: 10006580 | B36: F | C36: 63 | D36: 2137 | E36: 2014 - 2016
A37: 10010867 | B37: F | C37: 28 | D37: 2147 | E37: 2014 - 2016
A38: 10020786 | B38: F | C38: 86 | D38: 2189 | E38: 2014 - 2016
A39: 10020306 | B39: F | C39: 74 | D39: 2129 | E39: 2014 - 2016
A40: 10023239 | B40: F | C40: 29 | D40: 2137 | E40: 2014 - 2016
A41: 10018328 | B41: F | C41: 83 | D41: 2154 | E41: 2014 - 2016
A42: 10008287 | B42: F | C42: 43 | D42: 2145 | E42: 2014 - 2016
A43: 10036156 | B43: F | C43: 88 | D43: 2157 | E43: 2014 - 2016
A44: 10015272 | B44: F | C44: 78 | D44: 2137 | E44: 2014 - 2016
A45: 10022281 | B45: M | C45: 84 | D45: 2125 | E45: 2011 - 2013
A46: 10035631 | B46: M | C46: 63 | D46: 2112 | E46: 2011 - 2013 | F46: 78965
A47: 10024043 | B47: M | C47: 67 | D47: 2117 | E47: 2011 - 2013 | F47: 79436
A48: 10025612 | B48: M | C48: 82 | D48: 2125 | E48: 2011 - 2013
A49: 10003046 | B49: M | C49: 64 | D49: 2154 | E49: 2011 - 2013
A50: 10021666 | B50: M | C50: 87 | D50: 2172 | E50: 2011 - 2013 | F50: 99457
A51: 10018423 | B51: M | C51: 37 | D51: 2162 | E51: 2011 - 2013
A52: 10025463 | B52: M | C52: 66 | D52: 2136 | E52: 2011 - 2013 | F52: 86846
A53: 10017492 | B53: M | C53: 84 | D53: 2114 | E53: 2011 - 2013 | F53: 79080
A54: 10004422 | B54: M | C54: 78 | D54: 2111 | E54: 2011 - 2013
A55: 10011398 | B55: M | C55: 67 | D55: 2146 | E55: 2011 - 2013
A56: 10021938 | B56: M | C56: 65 | D56: 2181 | E56: 2011 - 2013 | F56: 103289
A57: 10009628 | B57: M | C57: 58 | D57: 2153 | E57: 2011 - 2013
A58: 10004457 | B58: M | C58: 65 | D58: 2140 | E58: 2011 - 2013
A59: 10015860 | B59: M | C59: 53 | D59: 2186 | E59: 2011 - 2013
A60: 10021487 | B60: M | C60: 43 | D60: 2116 | E60: 2011 - 2013
A61: 10013049 | B61: M | C61: 52 | D61: 2114 | E61: 2011 - 2013
A62: 10026255 | B62: M | C62: 66 | D62: 2200 | E62: 2011 - 2013 | F62: 110133
A63: 10023771 | B63: M | C63: 70 | D63: 2113 | E63: 2011 - 2013
A64: 10023117 | B64: M | C64: 53 | D64: 2170 | E64: 2011 - 2013 | F64: 100644
A65: 10022041 | B65: M | C65: 64 | D65: 2187 | E65: 2011 - 2013
A66: 10005348 | B66: M | C66: 76 | D66: 2128 | E66: 2011 - 2013
A67: 10009035 | B67: M | C67: 28 | D67: 2161 | E67: 2011 - 2013
A68: 10018081 | B68: M | C68: 79 | D68: 2133 | E68: 2011 - 2013 | F68: 85769
A69: 10038933 | B69: M | C69: 34 | D69: 2148 | E69: 2011 - 2013
A70: 10037975 | B70: M | C70: 60 | D70: 2185 | E70: 2014 - 2016 | F70: 104118
A71: 10035185 | B71: M | C71: 70 | D71: 2120 | E71: 2014 - 2016
A72: 10014354 | B72: M | C72: 60 | D72: 2146 | E72: 2014 - 2016
A73: 10022880 | B73: M | C73: 66 | D73: 2177 | E73: 2014 - 2016
A74: 10004720 | B74: M | C74: 61 | D74: 2183 | E74: 2014 - 2016 | F74: 104782
A75: 10019385 | B75: M | C75: 44 | D75: 2180 | E75: 2014 - 2016
A76: 10029484 | B76: M | C76: 64 | D76: 2160 | E76: 2014 - 2016
A77: 10037861 | B77: M | C77: 77 | D77: 2115 | E77: 2014 - 2016 | F77: 79342
A78: 10026406 | B78: M | C78: 45 | D78: 2129 | E78: 2014 - 2016
A79: 10007818 | B79: M | C79: 69 | D79: 2146 | E79: 2014 - 2016 | F79: 90044
A80: 10020740 | B80: M | C80: 56 | D80: 2150 | E80: 2014 - 2016
A81: 10038999 | B81: M | C81: 45 | D81: 2131 | E81: 2014 - 2016
A82: 10004235 | B82: M | C82: 47 | D82: 2196 | E82: 2014 - 2016
A83: 10022017 | B83: M | C83: 59 | D83: 2189 | E83: 2014 - 2016
A84: 10002495 | B84: M | C84: 81 | D84: 2141 | E84: 2014 - 2016
A85: 10018845 | B85: M | C85: 91 | D85: 2184 | E85: 2014 - 2016 | F85: 104057
A86: 10020944 | B86: M | C86: 72 | D86: 2131 | E86: 2014 - 2016 | F86: 84490
A87: 10016150 | B87: M | C87: 69 | D87: 2142 | E87: 2014 - 2016
A88: 10005866 | B88: M | C88: 57 | D88: 2146 | E88: 2014 - 2016 | F88: 91272
A89: 10026354 | B89: M | C89: 34 | D89: 2119 | E89: 2014 - 2016
A90: 10019917 | B90: M | C90: 44 | D90: 2182 | E90: 2014 - 2016
A91: 10019777 | B91: M | C91: 51 | D91: 2187 | E91: 2014 - 2016 | F91: 104945
A92: 10005817 | B92: M | C92: 66 | D92: 2132 | E92: 2014 - 2016 | F92: 85852
A93: 10009049 | B93: M | C93: 56 | D93: 2174 | E93: 2014 - 2016
A94: 10015931 | B94: M | C94: 87 | D94: 2176 | E94: 2014 - 2016 | F94: 101262
A95: 10006053 | B95: M | C95: 52 | D95: 2111 | E95: 2014 - 2016 | F95: 77386
A96: 10012552 | B96: M | C96: 78 | D96: 2140 | E96: 2014 - 2016
A97: 10004733 | B97: M | C97: 51 | D97: 2174 | E97: 2014 - 2016
A98: 10021118 | B98: M | C98: 62 | D98: 2161 | E98: 2014 - 2016
A99: 10018501 | B99: M | C99: 83 | D99: 2141 | E99: 2014 - 2016
A100: 10007058 | B100: M | C100: 48 | D100: 2167 | E100: 2014 - 2016
...

Sheet Dashboard
A1: Healthcare EHR Analysis Dashboard
A5: Total Admissions | C5: Total Deaths | E5: Mortality Rate
A6: =COUNTA(admissions!B:B) -> 276 | C6: =SUM(admissions[hospital_expire_flag]) -> 15 | E6: =AVERAGE(admissions[hospital_expire_flag]) -> 0.054545455
A22: Higher mortality observed in patients aged 70+, indicating increased risk with age.
